"Name","Email"
"Eldar Hasanovic","hasanovicel@gmail.com"
"Mr Man","xyz@mail.com"
"Alex Rusticson","fakeLackadaisicalemail@gmail.com"
"Alex Miscreantson","fakeSnottyemail@gmail.com"
"Alex Dynamicson","fakeSnottyemail@gmail.com"
"Alex Attractiveson","fakeTinyemail@gmail.com"
"Alex Reconditeson","fakeDifferentemail@gmail.com"
"Alex Dangerousson","fakeDifferentemail@gmail.com"
"Alex Shinyson","fakeDifferentemail@gmail.com"
"Alex Dirtyson","fakeDifferentemail@gmail.com"
"Alex Bashfulson","fakeDifferentemail@gmail.com"
"Alex Glamorousson","fakeDifferentemail@gmail.com"
"Alex Uttermostson","fakeDifferentemail@gmail.com"
"Alex Annoyingson","fakeDifferentemail@gmail.com"
"Alex Smilingson","fakeDifferentemail@gmail.com"
"Alex Alcoholicson","fakeDifferentemail@gmail.com"
"Alex Scaredson","fakeDifferentemail@gmail.com"
"Alex Shrillson","fakeDifferentemail@gmail.com"
"Alex Flakyson","fakeDifferentemail@gmail.com"
"Alex Cruelson","fakeDifferentemail@gmail.com"
"Alex Fabulousson","fakeDifferentemail@gmail.com"
"Alex Spikyson","fakeDifferentemail@gmail.com"
"Alex Ambiguousson","fakeDifferentemail@gmail.com"
"Alex Narrowson","fakeDifferentemail@gmail.com"
"Alex Neighborlyson","fakeDifferentemail@gmail.com"
"Alex Tawdryson","fakeDifferentemail@gmail.com"
"Alex Rattyson","fakeDifferentemail@gmail.com"
"Alex Unableson","fakeDifferentemail@gmail.com"
"Alex Overtson","fakeDifferentemail@gmail.com"
"Alex Secondson","fakeDifferentemail@gmail.com"
"Alex Smoothson","fakeDifferentemail@gmail.com"
"Alex Smoggyson","fakeDifferentemail@gmail.com"
"Alex Tremendousson","fakeDifferentemail@gmail.com"
"Alex Somberson","fakeDifferentemail@gmail.com"
"Alex Bitterson","fakeDifferentemail@gmail.com"
"Alex Idioticson","fakeDifferentemail@gmail.com"
"Alex Poisedson","fakeDifferentemail@gmail.com"
"Alex Hard-to-findson","fakeDifferentemail@gmail.com"
"Alex Temporaryson","fakeDifferentemail@gmail.com"
"Alex Whisperingson","fakeDifferentemail@gmail.com"
"Alex Receptiveson","fakeDifferentemail@gmail.com"
"Alex Ludicrousson","fakeDifferentemail@gmail.com"
"Alex Simplisticson","fakeDifferentemail@gmail.com"
"Alex Adventurousson","fakeDifferentemail@gmail.com"
"Alex Scientificson","fakeDifferentemail@gmail.com"
